Time_Seconds,Num_Threads
3.44651,1
1.65077,2
0.850137,4
0.418344,8
0.288735,16
0.168392,32
0.100207,64
0.0736979,128
0.0751177,256
0.0778485,512
0.0928477,1024
